loss,test loss
0.019533220938983544,0.015224174
0.0084161065878118,0.018218232
0.0066679875916119645,0.017700247
0.006103508740568951,0.018219285
0.005804970398268101,0.01737371
0.005645847254910878,0.018043555
