loss,test loss
0.014232495613461847,0.008483056
0.006030857790759351,0.009575636
0.004761844127319427,0.009806666
0.004336901900177225,0.009749119
0.00412655103530036,0.009650465
0.004013759575321829,0.009693961
