loss,test loss
0.02048392108822148,0.010892434
0.008660265472301632,0.011268943
0.006753884218856368,0.011801898
0.006138299098278929,0.01180191
0.005858265950541318,0.011751153
0.005699845341851931,0.012202585
