loss,test loss
0.011170345927851814,0.005623946
0.004569594339507189,0.0053887283
0.003696563818449837,0.0064770025
0.003300130145626835,0.00585256
0.0031009505936283165,0.006006228
0.002999192975181703,0.0060081054
0.002942064865246359,0.0060558436
