loss,test loss
0.01727301677905772,0.008244207
0.0069977652665878095,0.00864634
0.005584223644325027,0.009214698
0.005078155646918627,0.009433014
0.004831136875692262,0.0090797655
0.004682530999114668,0.009226188
